model,accuracy,precision,recall,f1_score
Decision Tree Improved,0.7687074829931972,0.3561643835616438,0.5531914893617021,0.43333333333333335
