model,accuracy,precision,recall,f1_score
Decision Tree,0.7653061224489796,0.3103448275862069,0.3829787234042553,0.34285714285714286
