model,accuracy,precision,recall,f1_score
Random Forest Improved,0.8401360544217688,0.5,0.40425531914893614,0.4470588235294118
