model,accuracy,precision,recall,f1_score
Random Forest Baseline,0.8503401360544217,0.6363636363636364,0.14893617021276595,0.2413793103448276
