model,accuracy,precision,recall,f1_score
SVM Improved,0.8333333333333334,0.48333333333333334,0.6170212765957447,0.5420560747663551
